customersName,long,lat,qtyOrdered
53WJWGRK,106.8367943,-6.2173396,5
34JD8T7P,106.8240987,-6.1832992,9
1FD97O63,106.8200738,-6.2037919,5
39R7P6D7,106.9123866,-6.2052252,1
4E74CSUP,106.7086467,-6.1696778,3
5N0HQP9M,106.8284883,-6.1611428,2
2KDXBO1K,106.7323605,-6.1840048,3
2HV6K6KS,106.8945915,-6.1462789,4
4GFQ5HJ7,106.8036056,-6.2450368,4
2NN33T9V,106.880876,-6.1617992,5
9AYVVHRS,106.748505,-6.196547,6
60B6SX6Q,106.787067,-6.23297,9
2QXJZVWG,106.8325507,-6.2303803,4
5TMUO6HJ,106.8194806,-6.1754768,6
4L379A08,106.825108,-6.22927,4
5SU6PL1Y,106.799072,-6.253435,3
355J2F81,106.81921,-6.226392,1
3V758V8K,106.8318034,-6.1393875,3
40RP85WP,106.799023,-6.2270393,7
37WYDQAL,106.8227818,-6.2210898,1
3RQTCAZ9,106.75714,-6.125242,1
2MMGF15J,106.7748634,-6.149745,6
2HYWBKS1,106.8322873,-6.2393476,1
3ZKM2569,106.8166351,-6.2243292,3
WVQJYLQW,106.799447,-6.279837,1
5PB8GTQP,106.8275239,-6.1909371,1
9BKOTYZM,106.7378729,-6.1666942,2
3T2W84PS,106.7987673,-6.1899657,1
57FWCQEC,106.8391778,-6.1656563,1
341PYND9,106.818017,-6.216884,1
579TTC34,106.8072414,-6.2491156,1
569QB7TL,106.8102021,-6.2248166,1
4DAHFVA5,106.728782,-6.181571,1
5QB198KW,106.8260101,-6.2728453,1
3E6F9JPF,106.7902311,-6.1976783,1
P1XO6K4F,106.7876033,-6.2413814,2
565ON8YJ,106.802288,-6.2301753,1
5PBGTXL2,106.7685534,-6.1857892,1
9EWYWYRG,106.8105152,-6.2300514,3
3TYZ7M4Y,106.8323591,-6.2263281,1
5LQDNOB0,106.8323591,-6.2263281,5
3QY2PX9S,106.804458,-6.173548,14
1ZPZKUUL,106.8421264,-6.2024355,1
57FOBDKD,106.8050291,-6.2253266,6
21BVT9YU,106.841784,-6.16812,2
TIY9X08X,106.829744,-6.272485,1
4IWN4UHT,106.829744,-6.272485,1
1IY8NTQS,106.8176786,-6.2162093,7
URI3LSRV,106.6839523,-6.171884,2
2GU1ULZC,106.798925,-6.178282,1
3D3ZQHQO,106.7955595,-6.2906819,1
532Z3TMZ,106.8954732,-6.1951923,3
2MIPXDBH,106.7810583,-6.2834719,4
4F7BUGNX,106.894542,-6.1467347,1
1FZHZOZW,106.8281623,-6.1418556,1
UH00QOU8,106.8263849,-6.2142196,5
70HJ86KJ,106.7436482,-6.1542274,7
4ZJ58XFT,106.77766,-6.272818,1
5206CY92,106.781763,-6.221288,1
4GA52MRU,106.8895064,-6.1979777,2
U9L34QQH,106.8095039,-6.2309353,1
3WHIQ4A6,106.8095039,-6.2309353,1
4L4Z4S55,106.8088153,-6.230403,1
5N4TY97K,106.8088153,-6.230403,1
1DTG5UN9,106.809559,-6.23097,1
2S5SIAX6,106.833077,-6.209168,1
4HEGV4DO,106.833651,-6.2273273,6
1A5YLSXO,106.8659889,-6.1800787,1
542P4MKB,106.7990238,-6.2270402,6
3DGM1FUY,106.8323565,-6.2393251,5
2HVCD0A6,106.8152921,-6.2289362,4
1ETNG7M2,106.8439796,-6.1848558,1
82DUD03D,106.774779,-6.278158,4
3EH41GC2,106.8027953,-6.190074,6
4JP90SE2,106.8593186,-6.2536478,5
2F9A53BF,106.7752456,-6.1214127,1
51ZY8YWN,106.7589804,-6.1872051,2
84N2GU9U,106.802761,-6.3121829,1
58OGIWIZ,106.8330124,-6.1469634,1
1ADPV20M,106.8228195,-6.2833582,2
2K210EOB,106.810036,-6.224798,2
2OMS9JVZ,106.8546089,-6.2266962,5
5UJF68A8,106.8399539,-6.2293001,1
57JM3D34,106.8985971,-6.1887887,2
1BEQW0G9,106.8236555,-6.1902056,3
2S7QPQES,106.8711249,-6.1417493,3
50NWB01K,106.8660294,-6.2656408,2
3D02F7Y4,106.8398912,-6.2996699,6
2NI8PFRH,106.8933533,-6.1143389,5
37MDLON0,106.7906826,-6.2272089,5
1VK1XOAO,106.8186673,-6.2108424,1
5OB24Q2I,106.8337262,-6.3018401,3
4F3DWWSO,106.8608856,-6.3085567,5
50U5H7Z9,106.8203986,-6.2092892,5
5P5B2LCP,106.8203986,-6.2092892,5
197OGONO,106.809889,-6.278037,3
1CMVU3AE,106.8057031,-6.2297627,1
3BW1116B,106.7624679,-6.1983142,6
Q6BY9KLR,106.8255684,-6.1833948,2
5TU0F8SR,106.809504,-6.230935,5
2OR6O6PD,106.7936757,-6.2079277,1
2I5G783T,106.8198556,-6.176308,5
3V9H3CNV,106.8290103,-6.1935245,1
4G2Q0BDD,106.8140194,-6.2389293,1
7Z9GBZJM,106.8203727,-6.2093104,1
217XCGF0,106.8214074,-6.2096425,1
3B5ZSV41,106.7976676,-6.2469019,1
4JYGUWSR,106.8214516,-6.2074229,1
PVOH6WD8,106.7992178,-6.2256049,2
21BP7S94,106.8054935,-6.1965859,5
25T6WIX6,106.7843851,-6.1737933,4
5N8USNCF,106.8688954,-6.1386412,4
25NJXBFS,106.808248,-6.223407,5
1BELNM6L,106.8443311,-6.2000859,3
5QB1387V,106.822427,-6.223952,2
3NSJYCDR,106.8196419,-6.2837923,1
207MQSJN,106.833817,-6.229125,2
3UB6MT4A,106.8291763,-6.2352473,1
RD09VM2V,106.78024,-6.112527,1
51UBUO1K,106.810753,-6.2247269,1
3ZQSR632,106.7834551,-6.2976389,2
5RD94BIW,106.796299,-6.254345,2
4CV8X25C,106.8198898,-6.2147139,6
3VDRVNC3,106.8236161,-6.2810623,1
QW6T4XUZ,106.8236913,-6.2036958,1
4IQO0CYR,106.8455604,-6.259181,2
217R4KWC,106.79901,-6.1773979,1
35MHY7L8,106.8657919,-6.1792485,1
36G80EJT,106.8128196,-6.2583894,2
6Q82SGTO,106.8363157,-6.3021877,1
4G9CNKB6,106.876089,-6.186962,1
2PP9C4RW,106.8221092,-6.1290167,1
UPZ3XRMC,106.802813,-6.2287118,1
2PJ3XNUI,106.8707491,-6.2361009,1
50W8N0H8,106.793283,-6.294194,4
3ZONK3PA,106.8036422,-6.291286,2
5SQAGZ43,106.8323743,-6.2198377,1
4L3HMEFP,106.8213722,-6.174446,4
5V325JCT,106.8319982,-6.2195026,1
3RKFWUSO,106.8354036,-6.285691,12
99JPN82I,106.8479976,-6.140276,1
3EJ15Y5O,106.822093,-6.200262,1
4GAA84UO,106.9179381,-6.223125,1
56BBU975,106.7988001,-6.2184599,6
Q280F4KF,106.8036056,-6.2450368,1
8B9S30VE,106.914584,-6.188593,1
5V0TXYRB,106.7810054,-6.2480813,1
4CWFSOVV,106.8549538,-6.1415498,6
38NDP0W9,106.8293284,-6.216536,1
3RMHZUBC,106.7990385,-6.1775342,1
2KBT36Z6,106.809504,-6.230935,4
1VOEJ8JH,106.809504,-6.230935,3
1EREMSX4,106.8185947,-6.2108595,9
216FL94T,106.827,-6.13808,1
1DBK824Y,106.8772504,-6.1385973,2
86RWME7T,106.8056623,-6.2249489,1
5TSV5VWN,106.7412741,-6.2194971,2
56D5EYXT,106.8281935,-6.197497,1
