,customersName,long,lat,qtyOrdered,cluster,distance2cluster,kurir
0,86RWME7T,106.8056623,-6.2249489,1,0,8.298011238406676,1
1,25NJXBFS,106.80824799999999,-6.223407,5,0,8.09790199317063,1
2,2K210EOB,106.81003600000001,-6.224798000000001,2,0,8.23699297987394,1
3,51UBUO1K,106.810753,-6.2247269,1,0,8.224543737458182,2
4,569QB7TL,106.8102021,-6.2248166,1,0,8.237927405387397,2
5,2HVCD0A6,106.81529209999998,-6.2289362,4,0,8.680667835934146,2
6,3ZKM2569,106.8166351,-6.224329200000001,3,0,8.171964029907894,3
7,341PYND9,106.818017,-6.216883999999999,1,0,7.3520741762728585,3
8,355J2F81,106.81921000000001,-6.226392,1,0,8.413193775764256,3
9,1VK1XOAO,106.8186673,-6.210842400000001,1,0,6.6868314804858855,4
10,1FD97O63,106.82007379999999,-6.203791900000001,5,0,5.920022943952786,4
11,50U5H7Z9,106.8203986,-6.2092892,5,0,6.530779776313891,4
12,5P5B2LCP,106.8203986,-6.2092892,5,0,6.530779776313891,4
13,7Z9GBZJM,106.8203727,-6.209310400000001,1,0,6.5328416913606135,5
14,5QB1387V,106.822427,-6.223952,2,0,8.172818485259505,5
15,4JYGUWSR,106.82145159999999,-6.207422900000001,1,0,6.337497109030065,5
16,217XCGF0,106.8214074,-6.2096425,1,0,6.581624236854581,6
17,37WYDQAL,106.8227818,-6.2210898,1,0,7.86138491827742,6
18,3EJ15Y5O,106.822093,-6.200262,1,0,5.559230745964707,6
19,QW6T4XUZ,106.8236913,-6.2036958,1,0,5.9636931511745574,7
20,UH00QOU8,106.82638490000002,-6.2142196,5,0,7.166158700435746,7
21,5TMUO6HJ,106.81948059999999,-6.175476799999999,6,0,2.7981821882203692,7
22,2I5G783T,106.81985559999998,-6.176308000000001,5,0,2.8968022762376324,7
23,38NDP0W9,106.8293284,-6.216536,1,0,7.48341168490559,7
24,3TYZ7M4Y,106.8323591,-6.2263281,1,0,8.617988377483,8
25,5LQDNOB0,106.8323591,-6.2263281,5,0,8.617988377483,8
26,5V325JCT,106.8319982,-6.2195026,1,0,7.872324454712519,8
27,5SQAGZ43,106.8323743,-6.2198377,1,0,7.918663354938477,9
28,4HEGV4DO,106.833651,-6.2273273,6,0,8.759426922908535,9
29,207MQSJN,106.833817,-6.229125,2,0,8.957589301588332,9
30,4L3HMEFP,106.82137220000001,-6.174446,4,0,2.735611865282899,10
31,56D5EYXT,106.82819350000001,-6.197497,1,0,5.40386263383678,10
32,2S5SIAX6,106.833077,-6.209168,1,0,6.8008865283941,10
33,53WJWGRK,106.8367943,-6.217339599999999,5,0,7.790967283773595,10
34,5N0HQP9M,106.82848829999999,-6.1611428,2,0,1.9217983059977766,11
35,58OGIWIZ,106.8330124,-6.146963400000001,1,0,2.080485307740708,11
36,4CWFSOVV,106.85495379999999,-6.1415498,6,0,4.588138069438174,11
37,99JPN82I,106.8479976,-6.140276,1,0,3.8790829028696168,11
38,1FZHZOZW,106.82816229999999,-6.1418555999999995,1,0,1.7944571694370466,11
39,3V758V8K,106.8318034,-6.1393875,3,0,2.2826809793134455,11
40,216FL94T,106.82700000000001,-6.13808,1,0,1.9625264208080193,11
41,2PP9C4RW,106.8221092,-6.1290167,1,0,2.548817336761569,11
42,2MIPXDBH,106.78105829999998,-6.2834719,4,1,5.9786155224266615,12
43,3D3ZQHQO,106.7955595,-6.2906819,1,1,4.526470638433863,12
44,3ZQSR632,106.7834551,-6.2976389,2,1,6.041991916565429,12
45,50W8N0H8,106.793283,-6.294194,4,1,4.886024632677627,12
46,3ZONK3PA,106.8036422,-6.291286,2,1,3.695246360245792,13
47,84N2GU9U,106.802761,-6.312182900000001,1,1,5.078951394893708,13
48,5OB24Q2I,106.83372620000002,-6.3018401,3,1,2.4837428520676537,13
49,6Q82SGTO,106.83631570000001,-6.3021877,1,1,2.5254294791338094,13
50,3RKFWUSO,106.83540359999998,-6.285691,12,1,0.6920355708335852,13
51,3D02F7Y4,106.8398912,-6.2996699000000005,6,1,2.3110750913835423,13
52,4F3DWWSO,106.86088559999999,-6.3085567000000005,5,1,4.337345290723083,13
53,82DUD03D,106.77477900000001,-6.278158,4,1,6.660882647264116,14
54,9AYVVHRS,106.74850500000001,-6.196547,6,2,5.046293134095138,14
55,3BW1116B,106.7624679,-6.1983141999999996,6,2,3.5316921808031787,14
56,5TSV5VWN,106.7412741,-6.2194971,2,2,6.537414761982299,14
57,3E6F9JPF,106.7902311,-6.1976783,1,2,0.6636646082539591,15
58,5206CY92,106.78176299999998,-6.2212879999999995,1,2,3.423870085737902,15
59,60B6SX6Q,106.787067,-6.23297,9,2,4.510880029256818,15
60,37MDLON0,106.79068259999998,-6.227208900000001,5,2,3.8245677078818634,15
61,2OR6O6PD,106.7936757,-6.2079277,1,2,1.6685404015230334,15
62,PVOH6WD8,106.79921780000001,-6.2256049,2,2,3.679733603664608,15
63,565ON8YJ,106.80228799999999,-6.2301753,1,2,4.2433528444976005,15
64,2QXJZVWG,106.8325507,-6.2303803,4,2,5.9827652607522905,16
65,1BEQW0G9,106.82365549999999,-6.1902056,3,2,3.3251496560138842,16
66,3EH41GC2,106.8027953,-6.190074,6,2,1.0443273309325454,16
67,3T2W84PS,106.7987673,-6.1899657,1,2,0.6382490120028259,16
68,2GU1ULZC,106.798925,-6.178282,1,2,1.7183200554033782,16
69,3RMHZUBC,106.7990385,-6.1775342,1,2,1.8009040117236093,16
70,217R4KWC,106.79901000000001,-6.177397900000001,1,2,1.8142289999792802,16
71,5PBGTXL2,106.7685534,-6.1857892,1,2,2.9134697356230315,16
72,URI3LSRV,106.6839523,-6.1718839999999995,2,2,12.416382093477866,16
73,4DAHFVA5,106.72878200000001,-6.181571,1,2,7.327889629801706,17
74,51ZY8YWN,106.7589804,-6.1872051,2,2,3.9184897110253494,17
75,2KDXBO1K,106.7323605,-6.184004799999999,3,2,6.893063665662325,17
76,542P4MKB,106.79902379999999,-6.2270402,6,3,3.102900459251571,17
77,40RP85WP,106.79902299999999,-6.2270392999999995,7,3,3.1029782388606746,18
78,P1XO6K4F,106.7876033,-6.241381400000001,2,3,4.757442316134876,18
79,5V0TXYRB,106.7810054,-6.248081299999999,1,3,5.740487456324629,18
80,3B5ZSV41,106.7976676,-6.2469019,1,3,4.108765598865717,18
81,4GFQ5HJ7,106.80360559999998,-6.245036799999999,4,3,3.4705900195119157,18
82,Q280F4KF,106.80360559999998,-6.245036799999999,1,3,3.4705900195119157,19
83,5RD94BIW,106.796299,-6.254345,2,3,4.770121636158318,19
84,4ZJ58XFT,106.77766000000001,-6.272818,1,3,7.68302907708786,19
85,5SU6PL1Y,106.799072,-6.253435,3,3,4.482737819361678,19
86,4G2Q0BDD,106.8140194,-6.2389293,1,3,2.175115490060803,20
87,579TTC34,106.80724140000001,-6.2491156,1,3,3.5267150550459445,20
88,WVQJYLQW,106.799447,-6.279837000000001,1,3,6.893314648789116,20
89,36G80EJT,106.8128196,-6.2583894,2,3,4.111837187557612,20
90,197OGONO,106.80988899999998,-6.278037,3,3,6.275720651932027,20
91,3NSJYCDR,106.8196419,-6.283792299999999,1,3,6.674237101336934,21
92,1ADPV20M,106.82281950000001,-6.2833582,2,3,6.593279889524721,21
93,3VDRVNC3,106.82361609999998,-6.2810623,1,3,6.333454280170588,21
94,5QB198KW,106.8260101,-6.2728453,1,3,5.412111755202303,21
95,TIY9X08X,106.82974399999999,-6.272485,1,3,5.3811499051107665,22
96,4IWN4UHT,106.82974399999999,-6.272485,1,3,5.3811499051107665,22
97,3UB6MT4A,106.8291763,-6.2352473,1,3,1.2652597613037948,22
98,2HYWBKS1,106.83228729999999,-6.239347599999999,1,3,1.7985099472964043,22
99,3DGM1FUY,106.83235649999999,-6.239325099999999,5,3,1.7987677409114593,22
100,4IQO0CYR,106.84556040000001,-6.259181,2,3,4.415228759665607,22
101,4JP90SE2,106.8593186,-6.2536477999999995,5,3,4.8756999546680735,23
102,5UJF68A8,106.83995390000001,-6.2293001,1,3,1.5679782306489056,23
103,2PJ3XNUI,106.8707491,-6.2361009,1,3,5.054744255935103,23
104,2OMS9JVZ,106.85460890000002,-6.2266962,5,3,3.0978160730336155,23
105,1BELNM6L,106.8443311,-6.2000859,3,3,3.298334415127442,23
106,1ZPZKUUL,106.8421264,-6.2024355,1,3,2.943744600459821,23
107,3V9H3CNV,106.8290103,-6.1935245000000005,1,3,3.40192899535254,24
108,5PB8GTQP,106.8275239,-6.1909371,1,3,3.6812732801801107,24
109,4E74CSUP,106.70864669999999,-6.1696778,3,4,9.789577526092543,24
110,9BKOTYZM,106.7378729,-6.1666942,2,4,6.5319724024721415,24
111,25T6WIX6,106.78438510000001,-6.1737933,4,4,2.223023953127572,25
112,56BBU975,106.7988001,-6.2184599,6,4,6.7767377102819655,25
113,UPZ3XRMC,106.80281299999999,-6.228711799999999,1,4,7.943687946951087,25
114,57FOBDKD,106.8050291,-6.2253266,6,4,7.598270923492474,25
115,1CMVU3AE,106.8057031,-6.2297627,1,4,8.096250056910995,26
116,5N4TY97K,106.80881529999999,-6.230403,1,4,8.219426911155516,26
117,4L4Z4S55,106.80881529999999,-6.230403,1,4,8.219426911155516,26
118,5TU0F8SR,106.809504,-6.230935,5,4,8.291079937866186,27
119,1VOEJ8JH,106.809504,-6.230935,3,4,8.291079937866186,27
120,2KBT36Z6,106.809504,-6.230935,4,4,8.291079937866186,27
121,U9L34QQH,106.80950390000001,-6.2309353,1,4,8.29111068065929,28
122,3WHIQ4A6,106.80950390000001,-6.2309353,1,4,8.29111068065929,28
123,1DTG5UN9,106.80955900000001,-6.23097,1,4,8.29600687771159,28
124,9EWYWYRG,106.8105152,-6.230051400000001,3,4,8.215921270242909,29
125,21BP7S94,106.80549350000001,-6.1965859000000005,5,4,4.467806661500529,29
126,4L379A08,106.82510800000001,-6.22927,4,4,8.599850106434344,29
127,3QY2PX9S,106.80445800000001,-6.173548,14,4,2.0166495924473855,30
128,RD09VM2V,106.78023999999999,-6.112527,1,4,5.286521330225191,30
129,2F9A53BF,106.7752456,-6.1214127000000005,1,4,4.61787305142016,30
130,3RQTCAZ9,106.75713999999999,-6.125242,1,4,5.603401844583996,30
131,2MMGF15J,106.7748634,-6.149744999999999,6,4,2.4972724634394763,30
132,70HJ86KJ,106.74364820000001,-6.154227400000001,7,4,5.821374193309811,31
133,1ETNG7M2,106.84397959999998,-6.184855799999999,1,5,0.3693720516626728,31
134,4GA52MRU,106.8895064,-6.1979777,2,5,4.938684831213493,31
135,532Z3TMZ,106.89547320000001,-6.1951922999999995,3,5,5.494600448129952,31
136,4G9CNKB6,106.876089,-6.186962,1,5,3.219281638964233,31
137,57JM3D34,106.89859709999999,-6.1887887,2,5,5.725690340745028,31
138,8B9S30VE,106.914584,-6.188593,1,5,7.4932128402728155,32
139,1A5YLSXO,106.86598889999999,-6.1800787,1,5,2.1305584196281986,32
140,35MHY7L8,106.8657919,-6.1792485,1,5,2.1307068238198608,32
141,2NN33T9V,106.880876,-6.1617992,5,5,4.4824173058083785,32
142,4F7BUGNX,106.89454199999999,-6.1467347000000006,1,5,6.693911678811002,32
143,2HV6K6KS,106.8945915,-6.1462789,4,5,6.729688203860896,33
144,1DBK824Y,106.8772504,-6.1385973,2,5,6.053437178557759,33
145,2NI8PFRH,106.8933533,-6.1143389,5,5,9.285364552573037,33
146,2S7QPQES,106.87112490000001,-6.1417493,3,5,5.400061115169527,34
147,5N8USNCF,106.86889540000001,-6.1386412,4,5,5.592258337713162,34
148,21BVT9YU,106.841784,-6.16812,2,5,1.8762747062610077,34
149,57FWCQEC,106.83917779999999,-6.165656299999999,1,5,2.236054074402549,34
150,Q6BY9KLR,106.82556840000001,-6.183394799999999,2,5,2.405320689728003,34
151,34JD8T7P,106.8240987,-6.1832991999999996,9,5,2.568727070616424,34
152,50NWB01K,106.8660294,-6.2656408,2,6,5.435544548944436,35
153,4GAA84UO,106.9179381,-6.223125,1,6,3.772993901182412,35
154,39R7P6D7,106.91238659999999,-6.2052252,1,6,5.740741391203577,35
155,1EREMSX4,106.81859469999999,-6.2108595,9,6,11.78054650700285,35
156,4CV8X25C,106.8198898,-6.2147139000000005,6,6,11.469934812267068,36
157,1IY8NTQS,106.81767859999998,-6.2162093,7,6,11.628921211449095,36
